tripduration,starttime,stoptime,start_station_id,start_station_name,start_station_latitude,start_station_longitude,end_station_id,end_station_name,end_station_latitude,end_station_longitude,bikeid,usertype,birth year,gender,birth_year,duration_min,start_hour,start_wday,is_weekend,start_month,dist_m,dist_km,speed_km_min,route_key,n_route_hour,med_dur,mad_dur,n_route,med_dur_route,mad_dur_route,exp_dur,exp_mad,z_robust,ratio,proxy_anom,proxy_anom_hard,age,gender_f,iforest_score,iforest_anom
1079,2015-01-03T01:05:00Z,2015-01-03T01:23:00Z,91,One Kendall Square at Hampshire St / Portland St,42.366277,-71.09169,118,Linear Park - Mass. Ave. at Cameron Ave.,42.397828,-71.130516,857,Subscriber,1964,1,1964,17.983333333333334,1,6,1,1,4746.412079895402,4.746412079895402,0.26393394327499914,91->118,2,19.483333333333334,2.2239,18,22.275,2.335094999999999,6.766666666666667,3.4841099999999994,3.2193778803386435,2.657635467980296,0,0,62,1,0.653014815114285,1
1910,2015-01-03T10:03:00Z,2015-01-03T10:35:00Z,140,Danehy Park,42.388966,-71.132788,36,Boston Public Library - 700 Boylston St.,42.349673,-71.077303,798,Customer,1987,1,1987,31.833333333333332,10,6,1,1,6321.127952441141,6.321127952441141,0.1985694644745908,140->36,1,31.833333333333332,0,1,31.833333333333332,0,6.766666666666667,3.4841099999999994,7.194568101083683,4.704433497536946,0,1,39,1,0.6486370590182428,1
1213,2015-01-03T12:09:00Z,2015-01-03T12:29:00Z,76,Central Sq Post Office / Cambridge City Hall at Mass Ave / Pleasant St,42.366426,-71.105495,67,MIT at Mass Ave / Amherst St,42.3581,-71.093198,776,Customer,1991,2,1991,20.216666666666665,12,6,1,1,1371.9065615132906,1.3719065615132906,0.06786017616718668,76->67,2,20.383333333333333,0.24710000000000173,42,5.941666666666666,0.7289449999999994,5.941666666666666,0.7289449999999994,19.583096118362853,3.402524544179523,1,1,35,2,0.6347689819927981,1
833,2015-01-03T12:21:00Z,2015-01-03T12:34:00Z,89,Harvard Law School at Mass Ave / Jarvis St,42.379011,-71.119945,67,MIT at Mass Ave / Amherst St,42.3581,-71.093198,1015,Customer,1982,2,1982,13.883333333333333,12,6,1,1,3202.793992869305,3.2027939928693048,0.23069344486453577,89->67,1,13.883333333333333,0,1,13.883333333333333,0,6.766666666666667,3.4841099999999994,2.0426067680603275,2.0517241379310343,0,0,44,2,0.6312464781040594,1
1549,2015-01-03T13:28:00Z,2015-01-03T13:53:00Z,115,Porter Square Station,42.387995,-71.119084,115,Porter Square Station,42.387995,-71.119084,799,Customer,1987,1,1987,25.816666666666666,13,6,1,1,0,0,0,115->115,1,25.816666666666666,0,2,22.35,5.13968,6.766666666666667,3.4841099999999994,5.467680411927294,3.815270935960591,0,0,39,1,0.6317764244757372,1
1317,2015-01-03T14:12:00Z,2015-01-03T14:34:00Z,75,Lafayette Square at Mass Ave / Main St / Columbia St,42.36346469,-71.10057324,107,Ames St at Main St,42.3625,-71.08822,869,Customer,1978,2,1978,21.95,14,6,1,1,1021.7495629933594,1.0217495629933595,0.04654895503386604,75->107,13,6.516666666666667,1.1613699999999998,46,6.425000000000001,1.6185050000000007,6.425000000000001,1.6185050000000007,9.592185380953405,3.4163424124513613,0,1,48,2,0.6344943115400535,1
1476,2015-01-03T14:34:00Z,2015-01-03T14:59:00Z,142,Alewife Station at Russell Field,42.396105,-71.139459,142,Alewife Station at Russell Field,42.396105,-71.139459,857,Customer,1981,1,1981,24.6,14,6,1,1,0,0,0,142->142,5,41.31666666666667,2.7180999999999926,10,26.991666666666667,4.86787,6.766666666666667,3.4841099999999994,5.118475976169909,3.6354679802955667,0,0,45,1,0.6280466063630479,1
4425,2015-01-03T16:03:00Z,2015-01-03T17:17:00Z,74,Harvard Square at Mass Ave/ Dunster,42.373268,-71.118579,74,Harvard Square at Mass Ave/ Dunster,42.373268,-71.118579,781,Subscriber,\N,0,NA,73.75,16,6,1,1,0,0,0,74->74,1,73.75,0,5,28.166666666666668,19.767999999999997,6.766666666666667,3.4841099999999994,19.225378456286784,10.899014778325123,1,1,NA,0,0.6498581362546092,1
1539,2015-01-04T00:35:00Z,2015-01-04T01:01:00Z,80,MIT Stata Center at Vassar St / Main St,42.3619622,-71.0920526,118,Linear Park - Mass. Ave. at Cameron Ave.,42.397828,-71.130516,779,Subscriber,1964,1,1964,25.65,0,7,1,1,5093.558869215721,5.0935588692157205,0.19857929314681172,80->118,2,24.5,1.7049899999999978,5,24.166666666666668,1.2107899999999996,6.766666666666667,3.4841099999999994,5.41984418785094,3.79064039408867,0,0,62,1,0.6655627596913042,1
697,2015-01-04T12:35:00Z,2015-01-04T12:46:00Z,72,One Broadway / Kendall Sq at Main St / 3rd St,42.362613,-71.084105,74,Harvard Square at Mass Ave/ Dunster,42.373268,-71.118579,1092,Customer,1946,1,1946,11.616666666666667,12,7,1,1,3073.458401196547,3.073458401196547,0.26457317657359086,72->74,1,11.616666666666667,0,7,14.3,3.2617200000000013,6.766666666666667,3.4841099999999994,1.3920341206219096,1.7167487684729066,0,0,80,1,0.6483287090397986,1
1596,2015-01-04T15:32:00Z,2015-01-04T15:58:00Z,142,Alewife Station at Russell Field,42.396105,-71.139459,142,Alewife Station at Russell Field,42.396105,-71.139459,671,Customer,1981,1,1981,26.6,15,7,1,1,0,0,0,142->142,4,26.991666666666667,0.8895599999999995,10,26.991666666666667,4.86787,6.766666666666667,3.4841099999999994,5.69251066508616,3.931034482758621,0,0,45,1,0.6443095850129614,1
1519,2015-01-04T17:18:00Z,2015-01-04T17:43:00Z,142,Alewife Station at Russell Field,42.396105,-71.139459,108,Harvard University / SEAS Cruft-Pierce Halls at 29 Oxford St,42.377945,-71.116865,741,Subscriber,1944,1,1944,25.316666666666666,17,7,1,1,2745.506509215518,2.745506509215518,0.10844660339231803,142->108,3,18.116666666666667,1.9520899999999994,9,16.8,1.9520899999999994,6.766666666666667,3.4841099999999994,5.324171739698231,3.7413793103448274,0,0,82,1,0.6265743081529935,1
1106,2015-01-04T17:54:00Z,2015-01-04T18:13:00Z,73,Harvard Square at Brattle St / Eliot St,42.373231,-71.120886,105,Lower Cambridgeport at Magazine St/Riverside Rd,42.356954,-71.113687,1303,Customer,1978,2,1978,18.433333333333334,17,7,1,1,1906.2419157716852,1.9062419157716852,0.10341276215759594,73->105,2,15.466666666666667,4.3983799999999995,8,11.116666666666667,3.9412449999999994,6.766666666666667,3.4841099999999994,3.3485356853447996,2.7241379310344827,0,0,48,2,0.6369662196260187,1
695,2015-01-04T18:49:00Z,2015-01-04T19:00:00Z,118,Linear Park - Mass. Ave. at Cameron Ave.,42.397828,-71.130516,89,Harvard Law School at Mass Ave / Jarvis St,42.379011,-71.119945,1077,Customer,1963,2,1963,11.583333333333334,18,7,1,1,2267.8567626844215,2.2678567626844215,0.19578619533966227,118->89,1,11.583333333333334,0,2,12.358333333333334,1.1490149999999992,6.766666666666667,3.4841099999999994,1.3824668758066387,1.7118226600985222,0,0,63,2,0.632942353068583,1
1223,2015-01-04T23:19:00Z,2015-01-04T23:40:00Z,80,MIT Stata Center at Vassar St / Main St,42.3619622,-71.0920526,118,Linear Park - Mass. Ave. at Cameron Ave.,42.397828,-71.130516,1287,Subscriber,1964,1,1964,20.383333333333333,23,7,1,1,5093.558869215721,5.0935588692157205,0.2498884154970918,80->118,3,24.166666666666668,1.11195,5,24.166666666666668,1.2107899999999996,6.766666666666667,3.4841099999999994,3.9082195070381447,3.0123152709359604,0,0,62,1,0.650919197885297,1
10403,2015-01-06T10:00:00Z,2015-01-06T12:53:00Z,118,Linear Park - Mass. Ave. at Cameron Ave.,42.397828,-71.130516,68,Central Square at Mass Ave / Essex St,42.36507,-71.1031,1279,Subscriber,1979,2,1979,173.38333333333333,10,2,0,1,4287.186324014172,4.287186324014172,0.024726634570878626,118->68,1,173.38333333333333,0,2,98.6,110.87377,6.766666666666667,3.4841099999999994,47.82187320913136,25.623152709359605,1,1,47,2,0.6590944713228387,1
2151,2015-01-07T16:34:00Z,2015-01-07T17:10:00Z,68,Central Square at Mass Ave / Essex St,42.36507,-71.1031,68,Central Square at Mass Ave / Essex St,42.36507,-71.1031,1275,Customer,1987,2,1987,35.85,16,3,0,1,0,0,0,68->68,2,19.150000000000002,24.759420000000002,12,11.524999999999999,13.083945000000002,6.766666666666667,3.4841099999999994,8.347421101323821,5.298029556650246,0,1,39,2,0.6400922133530403,1
58147,2015-01-08T22:29:00Z,2015-01-09T14:38:00Z,75,Lafayette Square at Mass Ave / Main St / Columbia St,42.36346469,-71.10057324,1,18 Dorrance Warehouse,42.387151,-71.075978,654,Subscriber,\N,0,NA,969.1166666666667,22,4,0,1,3323.1744801025243,3.3231744801025243,0.0034290757701369193,75->1,1,969.1166666666667,0,1,969.1166666666667,0,6.766666666666667,3.4841099999999994,276.21114143927724,143.2192118226601,1,1,NA,0,0.6625952775984227,1
76004,2015-01-09T22:42:00Z,2015-01-10T19:49:00Z,67,MIT at Mass Ave / Amherst St,42.3581,-71.093198,33,Kenmore Sq / Comm Ave,42.348706,-71.097009,766,Customer,1987,2,1987,1266.7333333333333,22,5,0,1,1091.720296499598,1.091720296499598,8.61839084653122e-4,67->33,2,637.025,933.6055749999998,7,8.6,1.4826,6.766666666666667,3.4841099999999994,361.6322867724231,187.20197044334975,1,1,39,2,0.6736051599694796,1
433,2015-01-10T04:15:00Z,2015-01-10T04:22:00Z,72,One Broadway / Kendall Sq at Main St / 3rd St,42.362613,-71.084105,116,359 Broadway - Broadway at Fayette Street,42.370803,-71.104412,1007,Customer,1984,2,1984,7.216666666666667,4,6,1,1,1902.8441581060251,1.9028441581060251,0.26367355539575404,72->116,1,7.216666666666667,0,16,8.675,1.5814399999999995,6.766666666666667,3.4841099999999994,0.1291578050061566,1.0665024630541873,0,0,42,2,0.6359211957576721,1
1200,2015-01-10T10:19:00Z,2015-01-10T10:39:00Z,84,CambridgeSide Galleria - CambridgeSide PL at Land Blvd,42.366981,-71.076472,46,Christian Science Plaza,42.343864,-71.085918,898,Customer,1988,2,1988,20,10,6,1,1,2688.133391002816,2.688133391002816,0.1344066695501408,84->46,1,20,0,1,20,0,6.766666666666667,3.4841099999999994,3.7981961916625298,2.955665024630542,0,0,38,2,0.6341843735297479,1
1759,2015-01-10T11:08:00Z,2015-01-10T11:37:00Z,67,MIT at Mass Ave / Amherst St,42.3581,-71.093198,143,EF - North Point Park,42.369885,-71.069957,876,Customer,1988,2,1988,29.316666666666666,11,6,1,1,2318.476940727783,2.318476940727783,0.0790839206615503,67->143,1,29.316666666666666,0,4,19.908333333333335,12.626809999999997,6.766666666666667,3.4841099999999994,6.472241117530734,4.332512315270936,0,1,38,2,0.6518988045661028,1
1803,2015-01-10T12:28:00Z,2015-01-10T12:58:00Z,105,Lower Cambridgeport at Magazine St/Riverside Rd,42.356954,-71.113687,67,MIT at Mass Ave / Amherst St,42.3581,-71.093198,1108,Customer,1954,1,1954,30.05,12,6,1,1,1690.2482080802579,1.6902482080802579,0.056247860501838866,105->67,2,19.433333333333334,15.74027,15,9.466666666666667,1.9768000000000008,6.766666666666667,3.4841099999999994,6.682720503466693,4.44088669950739,0,1,72,1,0.6428032591105538,1
2476,2015-01-10T13:52:00Z,2015-01-10T14:33:00Z,68,Central Square at Mass Ave / Essex St,42.36507,-71.1031,105,Lower Cambridgeport at Magazine St/Riverside Rd,42.356954,-71.113687,1314,Customer,1954,1,1954,41.266666666666666,13,6,1,1,1254.8375643174502,1.25483756431745,0.03040801852142448,68->105,3,6.716666666666667,2.91578,40,6.283333333333333,1.6926350000000006,6.283333333333333,1.6926350000000006,20.66797232323172,6.56763925729443,1,1,72,1,0.6594834814476079,1
1867,2015-01-10T20:13:00Z,2015-01-10T20:44:00Z,110,Harvard University Gund Hall at Quincy St / Kirkland S,42.376369,-71.114025,74,Harvard Square at Mass Ave/ Dunster,42.373268,-71.118579,1269,Customer,1986,1,1986,31.116666666666667,20,6,1,1,509.33437858038417,0.5093343785803842,0.016368539215223916,110->74,1,31.116666666666667,0,15,5.383333333333334,0.7907200000000011,6.766666666666667,3.4841099999999994,6.98887233755536,4.598522167487685,0,1,40,1,0.6341446472901314,1
104,2015-01-10T21:32:00Z,2015-01-10T21:34:00Z,116,359 Broadway - Broadway at Fayette Street,42.370803,-71.104412,76,Central Sq Post Office / Cambridge City Hall at Mass Ave / Pleasant St,42.366426,-71.105495,741,Customer,1984,2,1984,1.7333333333333334,21,6,1,1,495.3200026173601,0.4953200026173601,0.2857615399715539,116->76,1,1.7333333333333334,0,68,3,0.457135,3,0.457135,-2.7708809578497964,0.5777777777777778,0,0,42,2,0.6437736375055045,1
1475,2015-01-10T22:59:00Z,2015-01-10T23:24:00Z,91,One Kendall Square at Hampshire St / Portland St,42.366277,-71.09169,118,Linear Park - Mass. Ave. at Cameron Ave.,42.397828,-71.130516,1080,Subscriber,1964,1,1964,24.583333333333332,22,6,1,1,4746.412079895402,4.746412079895402,0.19307438969066043,91->118,2,23.666666666666664,1.359049999999999,18,22.275,2.335094999999999,6.766666666666667,3.4841099999999994,5.113692353762272,3.633004926108374,0,0,62,1,0.6295953786039966,1
2718,2015-01-11T07:48:00Z,2015-01-11T08:34:00Z,68,Central Square at Mass Ave / Essex St,42.36507,-71.1031,67,MIT at Mass Ave / Amherst St,42.3581,-71.093198,1290,Subscriber,\N,0,NA,45.3,7,7,1,1,1124.9021025674958,1.124902102567496,0.02483227599486746,68->67,5,4.65,0.6671700000000003,51,5.083333333333333,1.2849200000000007,5.083333333333333,1.2849200000000007,31.29896543494275,8.911475409836065,1,1,NA,0,0.6313549662871932,1
530,2015-01-11T11:56:00Z,2015-01-11T12:04:00Z,107,Ames St at Main St,42.3625,-71.08822,107,Ames St at Main St,42.3625,-71.08822,1022,Customer,1993,1,1993,8.833333333333334,11,7,1,1,0,0,0,107->107,3,7.333333333333333,2.0262199999999995,15,9.05,4.4478,6.766666666666667,3.4841099999999994,0.5931691785467932,1.3054187192118227,0,0,33,1,0.6294615506418118,1
119,2015-01-11T12:20:00Z,2015-01-11T12:22:00Z,95,Cambridge St - at Columbia St / Webster Ave,42.372969,-71.094445,95,Cambridge St - at Columbia St / Webster Ave,42.372969,-71.094445,707,Customer,1970,1,1970,1.9833333333333334,12,7,1,1,0,0,0,95->95,1,1.9833333333333334,0,4,6.8916666666666675,7.820715,6.766666666666667,3.4841099999999994,-1.3728996309913677,0.2931034482758621,0,0,56,1,0.6259408010666253,1
1561,2015-01-11T12:50:00Z,2015-01-11T13:16:00Z,67,MIT at Mass Ave / Amherst St,42.3581,-71.093198,67,MIT at Mass Ave / Amherst St,42.3581,-71.093198,1290,Subscriber,1995,2,1995,26.016666666666666,12,7,1,1,0,0,0,67->67,5,17.85,9.636899999999999,25,22.783333333333335,8.006039999999997,22.783333333333335,8.006039999999997,0.4038617510446278,1.1419166057059253,0,0,31,2,0.648005296372007,1
1151,2015-01-11T23:20:00Z,2015-01-11T23:39:00Z,91,One Kendall Square at Hampshire St / Portland St,42.366277,-71.09169,118,Linear Park - Mass. Ave. at Cameron Ave.,42.397828,-71.130516,1108,Subscriber,1964,1,1964,19.183333333333334,23,7,1,1,4746.412079895402,4.746412079895402,0.24742374004667603,91->118,9,22.183333333333334,2.0756399999999977,18,22.275,2.335094999999999,6.766666666666667,3.4841099999999994,3.563798693688394,2.834975369458128,0,0,62,1,0.6460506237214962,1
8813,2015-01-12T09:49:00Z,2015-01-12T12:16:00Z,75,Lafayette Square at Mass Ave / Main St / Columbia St,42.36346469,-71.10057324,107,Ames St at Main St,42.3625,-71.08822,784,Subscriber,1956,2,1956,146.88333333333333,9,1,0,1,1021.7495629933594,1.0217495629933595,0.006956198091410595,75->107,4,5.958333333333333,0.2100349999999999,46,6.425000000000001,1.6185050000000007,6.425000000000001,1.6185050000000007,86.78276145784737,22.861219195849543,1,1,70,2,0.6593429039033477,1
38309,2015-01-12T09:55:00Z,2015-01-12T20:33:00Z,70,Harvard Kennedy School at Bennett St / Eliot St,42.371196,-71.121473,70,Harvard Kennedy School at Bennett St / Eliot St,42.371196,-71.121473,690,Subscriber,\N,0,NA,638.4833333333333,9,1,0,1,0,0,0,70->70,1,638.4833333333333,0,3,56.13333333333333,61.10783,6.766666666666667,3.4841099999999994,181.31364011660563,94.35714285714286,1,1,NA,0,0.6525914476996331,1
80115,2015-01-14T12:03:00Z,2015-01-15T10:18:00Z,70,Harvard Kennedy School at Bennett St / Eliot St,42.371196,-71.121473,1,18 Dorrance Warehouse,42.387151,-71.075978,1070,Subscriber,\N,0,NA,1335.25,12,3,0,1,4141.330652495343,4.141330652495343,0.0031015395263024473,70->1,1,1335.25,0,1,1335.25,0,6.766666666666667,3.4841099999999994,381.2977584902123,197.32758620689654,1,1,NA,0,0.66509573679499,1
1577,2015-01-16T01:24:00Z,2015-01-16T01:50:00Z,107,Ames St at Main St,42.3625,-71.08822,118,Linear Park - Mass. Ave. at Cameron Ave.,42.397828,-71.130516,1301,Customer,1987,2,1987,26.283333333333335,1,5,0,1,5250.019662756477,5.250019662756477,0.19974710194381015,107->118,1,26.283333333333335,0,2,25.558333333333334,1.074885000000002,6.766666666666667,3.4841099999999994,5.601621839341086,3.8842364532019706,0,0,39,2,0.6615934852043814,1
7435,2015-01-17T14:55:00Z,2015-01-17T16:59:00Z,73,Harvard Square at Brattle St / Eliot St,42.373231,-71.120886,67,MIT at Mass Ave / Amherst St,42.3581,-71.093198,1010,Subscriber,\N,0,NA,123.91666666666667,14,6,1,1,2832.5460919590428,2.832546091959043,0.02285847552354305,73->67,4,66.55833333333334,84.545265,9,11.666666666666666,3.7064999999999997,6.766666666666667,3.4841099999999994,33.62408190326942,18.3128078817734,1,1,NA,0,0.6527090684385011,1
7395,2015-01-17T14:56:00Z,2015-01-17T16:59:00Z,73,Harvard Square at Brattle St / Eliot St,42.373231,-71.120886,67,MIT at Mass Ave / Amherst St,42.3581,-71.093198,642,Subscriber,\N,0,NA,123.25,14,6,1,1,2832.5460919590428,2.832546091959043,0.022982118393176817,73->67,4,66.55833333333334,84.545265,9,11.666666666666666,3.7064999999999997,6.766666666666667,3.4841099999999994,33.432737006964004,18.214285714285715,1,1,NA,0,0.6527090684385011,1
2410,2015-01-17T17:37:00Z,2015-01-17T18:17:00Z,68,Central Square at Mass Ave / Essex St,42.36507,-71.1031,68,Central Square at Mass Ave / Essex St,42.36507,-71.1031,1111,Subscriber,\N,0,NA,40.166666666666664,17,6,1,1,0,0,0,68->68,2,40.30833333333334,0.21003500000000386,12,11.524999999999999,13.083945000000002,6.766666666666667,3.4841099999999994,9.586379304901396,5.9359605911330044,0,1,NA,0,0.6302980567655752,1
2427,2015-01-17T17:36:00Z,2015-01-17T18:17:00Z,68,Central Square at Mass Ave / Essex St,42.36507,-71.1031,68,Central Square at Mass Ave / Essex St,42.36507,-71.1031,1092,Subscriber,\N,0,NA,40.45,17,6,1,1,0,0,0,68->68,2,40.30833333333334,0.21003500000000386,12,11.524999999999999,13.083945000000002,6.766666666666667,3.4841099999999994,9.6677008858312,5.977832512315271,0,1,NA,0,0.6302980567655752,1
1405,2015-01-17T20:43:00Z,2015-01-17T21:06:00Z,118,Linear Park - Mass. Ave. at Cameron Ave.,42.397828,-71.130516,76,Central Sq Post Office / Cambridge City Hall at Mass Ave / Pleasant St,42.366426,-71.105495,1004,Customer,1961,1,1961,23.416666666666668,20,6,1,1,4056.1797370336894,4.056179737033689,0.17321764001567355,118->76,2,22.78333333333333,0.9389800000000019,14,21.35,0.815430000000001,6.766666666666667,3.4841099999999994,4.7788387852277925,3.460591133004926,0,0,65,1,0.6488123759213206,1
1329,2015-01-17T20:44:00Z,2015-01-17T21:06:00Z,118,Linear Park - Mass. Ave. at Cameron Ave.,42.397828,-71.130516,76,Central Sq Post Office / Cambridge City Hall at Mass Ave / Pleasant St,42.366426,-71.105495,983,Customer,1963,2,1963,22.15,20,6,1,1,4056.1797370336894,4.056179737033689,0.1831232386922659,118->76,2,22.78333333333333,0.9389800000000019,14,21.35,0.815430000000001,6.766666666666667,3.4841099999999994,4.415283482247499,3.2733990147783247,0,0,63,2,0.671700523277454,1
895,2015-01-17T22:02:00Z,2015-01-17T22:17:00Z,70,Harvard Kennedy School at Bennett St / Eliot St,42.371196,-71.121473,70,Harvard Kennedy School at Bennett St / Eliot St,42.371196,-71.121473,1077,Customer,1987,1,1987,14.916666666666666,22,6,1,1,0,0,0,70->70,1,14.916666666666666,0,3,56.13333333333333,61.10783,6.766666666666667,3.4841099999999994,2.3391913573337235,2.2044334975369457,0,0,39,1,0.6323809144078082,1
450,2015-01-18T00:08:00Z,2015-01-18T00:16:00Z,68,Central Square at Mass Ave / Essex St,42.36507,-71.1031,91,One Kendall Square at Hampshire St / Portland St,42.366277,-71.09169,1092,Customer,1967,2,1967,7.5,0,7,1,1,948.0357131364908,0.9480357131364908,0.12640476175153212,68->91,1,7.5,0,24,6.208333333333334,1.3590500000000003,6.208333333333334,1.3590500000000003,0.9504187974442926,1.2080536912751676,0,0,59,2,0.6480085526940944,1
439,2015-01-18T01:09:00Z,2015-01-18T01:16:00Z,143,EF - North Point Park,42.369885,-71.069957,95,Cambridge St - at Columbia St / Webster Ave,42.372969,-71.094445,666,Subscriber,1976,2,1976,7.316666666666666,1,7,1,1,2042.991366744393,2.042991366744393,0.27922433258465507,143->95,1,7.316666666666666,0,6,8.066666666666666,0.7907199999999998,6.766666666666667,3.4841099999999994,0.15785953945196907,1.0812807881773399,0,0,50,2,0.6355552499965927,1
1712,2015-01-18T10:20:00Z,2015-01-18T10:49:00Z,68,Central Square at Mass Ave / Essex St,42.36507,-71.1031,67,MIT at Mass Ave / Amherst St,42.3581,-71.093198,679,Customer,1989,1,1989,28.533333333333335,10,7,1,1,1124.9021025674958,1.124902102567496,0.03942413910867392,68->67,2,15.966666666666667,18.631339999999998,51,5.083333333333333,1.2849200000000007,5.083333333333333,1.2849200000000007,18.250163434299402,5.613114754098361,1,1,37,1,0.6374684401076982,1
10547,2015-01-18T10:49:00Z,2015-01-18T13:45:00Z,76,Central Sq Post Office / Cambridge City Hall at Mass Ave / Pleasant St,42.366426,-71.105495,67,MIT at Mass Ave / Amherst St,42.3581,-71.093198,796,Customer,1992,1,1992,175.78333333333333,10,7,1,1,1371.9065615132906,1.3719065615132906,0.007804531496235653,76->67,6,7.516666666666666,2.693389999999998,42,5.941666666666666,0.7289449999999994,5.941666666666666,0.7289449999999994,232.99654523546607,29.584852734922862,1,1,34,1,0.6790474948961801,1
18606,2015-01-18T10:51:00Z,2015-01-18T16:01:00Z,107,Ames St at Main St,42.3625,-71.08822,107,Ames St at Main St,42.3625,-71.08822,1047,Subscriber,\N,0,NA,310.1,10,7,1,1,0,0,0,107->107,1,310.1,0,15,9.05,4.4478,6.766666666666667,3.4841099999999994,87.06192781896479,45.827586206896555,1,1,NA,0,0.6759139133082367,1
1518,2015-01-18T12:31:00Z,2015-01-18T12:57:00Z,141,Kendall Street,42.36356016,-71.08216792,141,Kendall Street,42.36356016,-71.08216792,859,Subscriber,1970,2,1970,25.3,12,7,1,1,0,0,0,141->141,1,25.3,0,1,25.3,0,6.766666666666667,3.4841099999999994,5.319388117290596,3.7389162561576357,0,0,56,2,0.6526514825074428,1
3524,2015-01-18T12:44:00Z,2015-01-18T13:43:00Z,74,Harvard Square at Mass Ave/ Dunster,42.373268,-71.118579,84,CambridgeSide Galleria - CambridgeSide PL at Land Blvd,42.366981,-71.076472,635,Subscriber,\N,0,NA,58.733333333333334,12,7,1,1,3533.0436581111226,3.5330436581111226,0.06015397828793058,74->84,2,58.49166666666667,0.3582950000000007,2,58.49166666666667,0.3582950000000007,6.766666666666667,3.4841099999999994,14.915334667007263,8.679802955665025,0,1,NA,0,0.639103251888817,1
3495,2015-01-18T12:44:00Z,2015-01-18T13:43:00Z,74,Harvard Square at Mass Ave/ Dunster,42.373268,-71.118579,84,CambridgeSide Galleria - CambridgeSide PL at Land Blvd,42.366981,-71.076472,1097,Subscriber,\N,0,NA,58.25,12,7,1,1,3533.0436581111226,3.5330436581111226,0.060653110010491375,74->84,2,58.49166666666667,0.3582950000000007,2,58.49166666666667,0.3582950000000007,6.766666666666667,3.4841099999999994,14.776609617185835,8.608374384236454,0,1,NA,0,0.6387791517211671,1
922,2015-01-18T12:45:00Z,2015-01-18T13:00:00Z,76,Central Sq Post Office / Cambridge City Hall at Mass Ave / Pleasant St,42.366426,-71.105495,84,CambridgeSide Galleria - CambridgeSide PL at Land Blvd,42.366981,-71.076472,874,Customer,1970,2,1970,15.366666666666667,12,7,1,1,2387.8854090364266,2.3878854090364268,0.15539384440584122,76->84,1,15.366666666666667,0,4,14.758333333333333,1.3590500000000003,6.766666666666667,3.4841099999999994,2.468349162339881,2.270935960591133,0,0,56,2,0.6283665492823631,1
1143,2015-01-18T13:16:00Z,2015-01-18T13:35:00Z,110,Harvard University Gund Hall at Quincy St / Kirkland S,42.376369,-71.114025,96,Cambridge Main Library at Broadway / Trowbridge St,42.373379,-71.111075,1311,Customer,1960,1,1960,19.05,13,7,1,1,411.8748270231051,0.41187482702310513,0.02162072582798452,110->96,1,19.05,0,3,2.8833333333333333,0.7165900000000001,6.766666666666667,3.4841099999999994,3.525529714427311,2.815270935960591,0,0,66,1,0.6461395113691905,1
1870,2015-01-18T15:35:00Z,2015-01-18T16:06:00Z,142,Alewife Station at Russell Field,42.396105,-71.139459,142,Alewife Station at Russell Field,42.396105,-71.139459,1297,Customer,1981,1,1981,31.166666666666668,15,7,1,1,0,0,0,142->142,4,26.991666666666667,0.8895599999999995,10,26.991666666666667,4.86787,6.766666666666667,3.4841099999999994,7.0032232047782665,4.605911330049262,0,1,45,1,0.648579980159377,1
1265,2015-01-18T16:00:00Z,2015-01-18T16:21:00Z,105,Lower Cambridgeport at Magazine St/Riverside Rd,42.356954,-71.113687,117,Binney St / Sixth St,42.366095,-71.086388,1312,Customer,1978,2,1978,21.083333333333332,16,7,1,1,2465.2812318715387,2.465281231871539,0.1169303351085315,105->117,1,21.083333333333332,0,8,14.725000000000001,1.5196649999999978,6.766666666666667,3.4841099999999994,4.109131648158832,3.1157635467980294,0,0,48,2,0.6434977604995045,1
702,2015-01-18T16:03:00Z,2015-01-18T16:15:00Z,72,One Broadway / Kendall Sq at Main St / 3rd St,42.362613,-71.084105,105,Lower Cambridgeport at Magazine St/Riverside Rd,42.356954,-71.113687,799,Customer,1946,1,1946,11.7,16,7,1,1,2513.552083336936,2.513552083336936,0.21483351139631932,72->105,2,14.583333333333332,4.274829999999999,4,14.583333333333332,4.386024999999998,6.766666666666667,3.4841099999999994,1.4159522326600864,1.729064039408867,0,0,80,1,0.6262373350981513,1
1008,2015-01-18T18:01:00Z,2015-01-18T18:18:00Z,140,Danehy Park,42.388966,-71.132788,118,Linear Park - Mass. Ave. at Cameron Ave.,42.397828,-71.130516,731,Customer,1976,2,1976,16.8,18,7,1,1,1004.0410260193471,1.004041026019347,0.059764346786865895,140->118,2,12.066666666666666,7.017640000000001,4,7.125,1.8038299999999994,6.766666666666667,3.4841099999999994,2.879740689396528,2.4827586206896552,0,0,50,2,0.6421728807480507,1
986,2015-01-18T18:06:00Z,2015-01-18T18:23:00Z,91,One Kendall Square at Hampshire St / Portland St,42.366277,-71.09169,74,Harvard Square at Mass Ave/ Dunster,42.373268,-71.118579,1093,Customer,1978,2,1978,16.433333333333334,18,7,1,1,2344.3990441601363,2.344399044160136,0.14266119944179326,91->74,1,16.433333333333334,0,9,16.433333333333334,4.843159999999998,6.766666666666667,3.4841099999999994,2.7745009964285483,2.428571428571429,0,0,48,2,0.6324700341164915,1
1896,2015-01-18T18:46:00Z,2015-01-18T19:18:00Z,67,MIT at Mass Ave / Amherst St,42.3581,-71.093198,67,MIT at Mass Ave / Amherst St,42.3581,-71.093198,862,Subscriber,\N,0,NA,31.6,18,7,1,1,0,0,0,67->67,2,31.558333333333334,0.06177500000000175,25,22.783333333333335,8.006039999999997,22.783333333333335,8.006039999999997,1.1012518881577746,1.3869787856620337,0,0,NA,0,0.6300636911866259,1
1891,2015-01-18T18:46:00Z,2015-01-18T19:18:00Z,67,MIT at Mass Ave / Amherst St,42.3581,-71.093198,67,MIT at Mass Ave / Amherst St,42.3581,-71.093198,796,Subscriber,\N,0,NA,31.516666666666666,18,7,1,1,0,0,0,67->67,2,31.558333333333334,0.06177500000000175,25,22.783333333333335,8.006039999999997,22.783333333333335,8.006039999999997,1.0908430801411602,1.3833211411850768,0,0,NA,0,0.6300636911866259,1
2625,2015-01-18T19:43:00Z,2015-01-18T20:27:00Z,89,Harvard Law School at Mass Ave / Jarvis St,42.379011,-71.119945,70,Harvard Kennedy School at Bennett St / Eliot St,42.371196,-71.121473,637,Subscriber,1988,2,1988,43.75,19,7,1,1,878.9900838947588,0.8789900838947587,0.020091201917594486,89->70,1,43.75,0,28,3.3,0.7165899999999994,3.3,0.7165899999999994,56.44789907757579,13.257575757575758,1,1,38,2,0.6301396670204964,1
16006,2015-01-20T10:24:00Z,2015-01-20T14:51:00Z,73,Harvard Square at Brattle St / Eliot St,42.373231,-71.120886,107,Ames St at Main St,42.3625,-71.08822,1105,Subscriber,1979,2,1979,266.76666666666665,10,2,0,1,2940.2671153521055,2.9402671153521056,0.011021868481889689,73->107,1,266.76666666666665,0,3,18.3,8.351980000000001,6.766666666666667,3.4841099999999994,74.62450955911267,39.42364532019704,1,1,47,2,0.6415048424653006,1
1559,2015-01-20T12:01:00Z,2015-01-20T12:27:00Z,117,Binney St / Sixth St,42.366095,-71.086388,117,Binney St / Sixth St,42.366095,-71.086388,923,Subscriber,1954,2,1954,25.983333333333334,12,2,0,1,0,0,0,117->117,1,25.983333333333334,0,4,22.441666666666666,12.527969999999998,6.766666666666667,3.4841099999999994,5.515516636003649,3.8399014778325125,0,0,72,2,0.6323856514267338,1
1589,2015-01-20T17:49:00Z,2015-01-20T18:16:00Z,67,MIT at Mass Ave / Amherst St,42.3581,-71.093198,118,Linear Park - Mass. Ave. at Cameron Ave.,42.397828,-71.130516,886,Customer,1976,2,1976,26.483333333333334,17,2,0,1,5382.93081452353,5.38293081452353,0.2032572994785474,67->118,1,26.483333333333334,0,2,26.491666666666667,0.012354999999999297,6.766666666666667,3.4841099999999994,5.659025308232711,3.9137931034482762,0,0,50,2,0.6415277107409387,1
34100,2015-01-20T22:09:00Z,2015-01-21T07:37:00Z,67,MIT at Mass Ave / Amherst St,42.3581,-71.093198,68,Central Square at Mass Ave / Essex St,42.36507,-71.1031,923,Subscriber,\N,0,NA,568.3333333333334,22,2,0,1,1124.9021025674958,1.124902102567496,0.0019792998872155353,67->68,1,568.3333333333334,0,70,5.208333333333334,1.2602100000000014,5.208333333333334,1.2602100000000014,446.8501281532438,109.11999999999999,1,1,NA,0,0.6459682715001782,1
1495,2015-01-22T15:26:00Z,2015-01-22T15:51:00Z,118,Linear Park - Mass. Ave. at Cameron Ave.,42.397828,-71.130516,90,Lechmere Station at Cambridge St / First St,42.370677,-71.076529,886,Subscriber,1956,2,1956,24.916666666666668,15,4,0,1,5370.344788723332,5.370344788723332,0.21553223232334442,118->90,1,24.916666666666668,0,1,24.916666666666668,0,6.766666666666667,3.4841099999999994,5.209364801914981,3.682266009852217,0,0,70,2,0.633480840800969,1
2928,2015-01-23T09:19:00Z,2015-01-23T10:08:00Z,115,Porter Square Station,42.387995,-71.119084,84,CambridgeSide Galleria - CambridgeSide PL at Land Blvd,42.366981,-71.076472,1112,Customer,1957,2,1957,48.8,9,5,0,1,4213.2249518262315,4.2132249518262315,0.08633657688168507,115->84,1,48.8,0,2,34.541666666666664,21.139404999999996,6.766666666666667,3.4841099999999994,12.064295712056548,7.211822660098522,0,1,69,2,0.664529165181015,1
3843,2015-01-23T14:57:00Z,2015-01-23T16:01:00Z,67,MIT at Mass Ave / Amherst St,42.3581,-71.093198,67,MIT at Mass Ave / Amherst St,42.3581,-71.093198,894,Subscriber,1994,2,1994,64.05,14,5,0,1,0,0,0,67->67,3,17.7,0.37065,25,22.783333333333335,8.006039999999997,22.783333333333335,8.006039999999997,5.154441729827315,2.811265544989027,0,0,32,2,0.6319509681250952,1
457,2015-01-24T00:12:00Z,2015-01-24T00:20:00Z,115,Porter Square Station,42.387995,-71.119084,96,Cambridge Main Library at Broadway / Trowbridge St,42.373379,-71.111075,639,Customer,1984,2,1984,7.616666666666666,0,6,1,1,1755.278583929442,1.755278583929442,0.23045233049401867,115->96,3,7.616666666666666,0.6177499999999991,12,9.35,2.693390000000001,6.766666666666667,3.4841099999999994,0.24396474278940672,1.125615763546798,0,0,42,2,0.6317823501575242,1
423,2015-01-24T02:01:00Z,2015-01-24T02:08:00Z,115,Porter Square Station,42.387995,-71.119084,96,Cambridge Main Library at Broadway / Trowbridge St,42.373379,-71.111075,646,Customer,1988,2,1988,7.05,2,6,1,1,1755.278583929442,1.755278583929442,0.24897568566375064,115->96,1,7.05,0,12,9.35,2.693390000000001,6.766666666666667,3.4841099999999994,0.08132158092980224,1.041871921182266,0,0,38,2,0.6363245144520753,1
1480,2015-01-24T23:52:00Z,2015-01-25T00:17:00Z,91,One Kendall Square at Hampshire St / Portland St,42.366277,-71.09169,118,Linear Park - Mass. Ave. at Cameron Ave.,42.397828,-71.130516,1309,Subscriber,1964,1,1964,24.666666666666668,23,6,1,1,4746.412079895402,4.746412079895402,0.19242211134711087,91->118,9,22.183333333333334,2.0756399999999977,18,22.275,2.335094999999999,6.766666666666667,3.4841099999999994,5.13761046580045,3.645320197044335,0,0,62,1,0.6317448036357052,1
2462,2015-01-25T07:59:00Z,2015-01-25T08:40:00Z,74,Harvard Square at Mass Ave/ Dunster,42.373268,-71.118579,73,Harvard Square at Brattle St / Eliot St,42.373231,-71.120886,1293,Subscriber,1988,2,1988,41.03333333333333,7,7,1,1,189.77125086663403,0.18977125086663404,0.0046248070885451025,74->73,1,41.03333333333333,0,1,41.03333333333333,0,6.766666666666667,3.4841099999999994,9.835127670098439,6.064039408866995,0,1,38,2,0.6517415543116849,1
789,2015-01-25T11:30:00Z,2015-01-25T11:43:00Z,104,Harvard University Radcliffe Quadrangle at Shepard St / Garden St,42.380287,-71.125107,68,Central Square at Mass Ave / Essex St,42.36507,-71.1031,746,Customer,1962,2,1962,13.15,11,7,1,1,2478.9231803247553,2.478923180324755,0.18851126846576083,104->68,1,13.15,0,3,13.45,0.4447799999999984,6.766666666666667,3.4841099999999994,1.8321273821243689,1.9433497536945814,0,0,64,2,0.6334709874413326,1
194,2015-01-25T13:55:00Z,2015-01-25T13:58:00Z,90,Lechmere Station at Cambridge St / First St,42.370677,-71.076529,90,Lechmere Station at Cambridge St / First St,42.370677,-71.076529,1081,Customer,1987,2,1987,3.2333333333333334,13,7,1,1,0,0,0,90->90,1,3.2333333333333334,0,2,5.658333333333333,3.595305,6.766666666666667,3.4841099999999994,-1.0141279504187106,0.47783251231527096,0,0,39,2,0.6501326600550061,1
1002,2015-01-25T14:05:00Z,2015-01-25T14:22:00Z,68,Central Square at Mass Ave / Essex St,42.36507,-71.1031,118,Linear Park - Mass. Ave. at Cameron Ave.,42.397828,-71.130516,864,Customer,1989,1,1989,16.7,14,7,1,1,4287.186324014172,4.287186324014172,0.25671774395294444,68->118,1,16.7,0,1,16.7,0,6.766666666666667,3.4841099999999994,2.851038954950715,2.4679802955665022,0,0,37,1,0.6358391678030932,1
728,2015-01-25T14:46:00Z,2015-01-25T14:58:00Z,115,Porter Square Station,42.387995,-71.119084,91,One Kendall Square at Hampshire St / Portland St,42.366277,-71.09169,746,Customer,1987,2,1987,12.133333333333333,14,7,1,1,3304.5057223038766,3.3045057223038765,0.2723493727173525,115->91,2,11.366666666666667,1.1366599999999998,34,14.358333333333334,1.3219849999999997,14.358333333333334,1.3219849999999997,-1.6830750727126267,0.8450377248984329,0,0,39,2,0.6555996557791557,1
723,2015-01-25T18:14:00Z,2015-01-25T18:26:00Z,107,Ames St at Main St,42.3625,-71.08822,107,Ames St at Main St,42.3625,-71.08822,755,Customer,1993,1,1993,12.05,18,7,1,1,0,0,0,107->107,3,12.05,4.694899999999999,15,9.05,4.4478,6.766666666666667,3.4841099999999994,1.5164083032204307,1.7807881773399017,0,0,33,1,0.6362521770576159,1
1436,2015-01-25T23:38:00Z,2015-01-26T00:02:00Z,91,One Kendall Square at Hampshire St / Portland St,42.366277,-71.09169,118,Linear Park - Mass. Ave. at Cameron Ave.,42.397828,-71.130516,773,Subscriber,1964,1,1964,23.933333333333334,23,7,1,1,4746.412079895402,4.746412079895402,0.19831805347752374,91->118,9,22.183333333333334,2.0756399999999977,18,22.275,2.335094999999999,6.766666666666667,3.4841099999999994,4.927131079864491,3.5369458128078817,0,0,62,1,0.6403997794750973,1
1609,2015-01-31T00:41:00Z,2015-01-31T01:08:00Z,91,One Kendall Square at Hampshire St / Portland St,42.366277,-71.09169,118,Linear Park - Mass. Ave. at Cameron Ave.,42.397828,-71.130516,822,Subscriber,1964,1,1964,26.816666666666666,0,6,1,1,4746.412079895402,4.746412079895402,0.17699485692586955,91->118,5,22.366666666666667,5.609170000000002,18,22.275,2.335094999999999,6.766666666666667,3.4841099999999994,5.754697756385419,3.9630541871921183,0,0,62,1,0.6490909399730267,1
